employee_index,turnover_probability,risk_zone,actual_left
10627,0.0,Safe,0
2703,0.63,Medium-Risk,0
6059,0.02,Safe,0
3258,0.01,Safe,0
4565,0.0,Safe,0
4991,0.02,Safe,0
13976,0.01,Safe,0
9427,0.0,Safe,0
7173,0.0,Safe,0
13412,0.01,Safe,0
14892,1.0,High-Risk,1
11861,0.01,Safe,0
1246,1.0,High-Risk,1
12932,0.0,Safe,0
5997,0.02,Safe,0
14278,1.0,High-Risk,1
3664,0.0,Safe,0
4266,0.0,Safe,0
13383,0.0,Safe,0
12238,1.0,High-Risk,1
11072,0.04,Safe,0
14859,1.0,High-Risk,1
2752,0.0,Safe,0
5889,0.1,Safe,0
10194,0.02,Safe,0
10640,0.04,Safe,0
12500,1.0,High-Risk,1
4181,0.19,Safe,0
9779,0.0,Safe,0
4483,0.0,Safe,0
6420,0.09,Safe,0
14703,1.0,High-Risk,1
233,1.0,High-Risk,1
8857,0.06,Safe,0
4324,0.11,Safe,0
756,1.0,High-Risk,1
14260,1.0,High-Risk,1
7947,0.0,Safe,0
4228,0.0,Safe,0
7009,0.0,Safe,0
3675,0.1,Safe,0
7321,0.0,Safe,0
4534,0.55,Low-Risk,0
9908,0.05,Safe,0
7338,0.0,Safe,0
12268,1.0,High-Risk,1
5708,0.01,Safe,0
14204,0.0,Safe,0
8017,0.0,Safe,0
12087,1.0,High-Risk,1
172,1.0,High-Risk,1
225,1.0,High-Risk,1
14601,1.0,High-Risk,1
3470,0.02,Safe,0
13031,0.01,Safe,0
6920,0.02,Safe,0
14450,1.0,High-Risk,1
12575,1.0,High-Risk,1
251,1.0,High-Risk,1
4478,0.01,Safe,0
2459,0.03,Safe,0
14344,1.0,High-Risk,1
3141,0.07,Safe,0
11729,0.0,Safe,0
2286,0.04,Safe,0
12887,0.0,Safe,0
150,1.0,High-Risk,1
9539,0.0,Safe,0
14960,1.0,High-Risk,1
11677,0.0,Safe,0
1072,0.15,Safe,1
419,0.94,High-Risk,1
4469,0.0,Safe,0
13235,0.0,Safe,0
4233,0.0,Safe,0
2099,0.04,Safe,0
12521,1.0,High-Risk,1
12221,0.98,High-Risk,1
5860,0.11,Safe,0
3406,0.0,Safe,0
13692,0.0,Safe,0
6590,0.0,Safe,0
8077,0.0,Safe,0
10594,0.0,Safe,0
9811,0.06,Safe,0
3100,0.01,Safe,0
14955,0.92,High-Risk,1
12389,0.99,High-Risk,1
4275,0.01,Safe,0
2430,0.0,Safe,0
12444,1.0,High-Risk,1
11372,0.0,Safe,0
10463,0.25,Low-Risk,0
5665,0.01,Safe,0
13411,0.0,Safe,0
3222,0.0,Safe,0
9231,0.0,Safe,0
11674,0.0,Safe,0
12157,1.0,High-Risk,1
8181,0.03,Safe,0
9296,0.0,Safe,0
12726,1.0,High-Risk,1
1636,1.0,High-Risk,1
11785,0.0,Safe,0
12482,0.99,High-Risk,1
6434,0.0,Safe,0
4329,0.09,Safe,0
5982,0.1,Safe,0
13602,0.04,Safe,0
6861,0.01,Safe,0
4940,0.01,Safe,0
357,1.0,High-Risk,1
12169,1.0,High-Risk,1
1268,1.0,High-Risk,1
12915,0.0,Safe,0
7305,0.08,Safe,0
6442,0.09,Safe,0
6140,0.0,Safe,0
1946,1.0,High-Risk,1
3901,0.01,Safe,0
3706,0.0,Safe,0
10280,0.04,Safe,0
8038,0.0,Safe,0
652,1.0,High-Risk,1
14666,1.0,High-Risk,1
12501,0.68,Medium-Risk,1
8382,0.12,Safe,0
2069,0.0,Safe,0
9599,0.03,Safe,0
3324,0.1,Safe,0
3585,0.23,Low-Risk,0
6028,0.24,Low-Risk,0
4046,0.04,Safe,0
1201,0.89,Medium-Risk,1
12885,0.01,Safe,0
12112,1.0,High-Risk,1
3847,0.02,Safe,0
11833,0.01,Safe,0
2329,0.04,Safe,0
3771,0.0,Safe,0
10504,0.01,Safe,0
6184,0.2,Safe,0
2907,0.2,Safe,0
4777,0.0,Safe,0
1215,0.98,High-Risk,1
7235,0.01,Safe,0
7506,0.02,Safe,0
701,0.96,High-Risk,1
781,1.0,High-Risk,1
13501,0.0,Safe,0
940,0.97,High-Risk,1
653,1.0,High-Risk,1
1155,1.0,High-Risk,1
13252,0.02,Safe,0
9162,0.0,Safe,0
1456,1.0,High-Risk,1
2581,0.0,Safe,0
6700,0.01,Safe,0
7648,0.0,Safe,0
10256,0.12,Safe,0
820,1.0,High-Risk,1
12991,0.0,Safe,0
6256,0.0,Safe,0
8002,0.01,Safe,0
5058,0.06,Safe,0
10503,0.0,Safe,0
11438,0.03,Safe,0
626,1.0,High-Risk,1
3761,0.0,Safe,0
8823,0.0,Safe,0
3015,0.1,Safe,0
13871,0.03,Safe,0
3498,0.07,Safe,0
2651,0.01,Safe,0
9985,0.21,Low-Risk,0
11456,0.01,Safe,0
2656,0.0,Safe,0
6283,0.0,Safe,0
204,1.0,High-Risk,1
1683,1.0,High-Risk,1
2699,0.13,Safe,0
11037,0.21,Low-Risk,0
832,0.99,High-Risk,1
1548,0.86,Medium-Risk,1
9676,0.07,Safe,0
10445,0.1,Safe,0
9902,0.02,Safe,0
5601,0.01,Safe,0
1143,1.0,High-Risk,1
336,0.98,High-Risk,1
4261,0.0,Safe,0
2570,0.33,Low-Risk,0
2038,0.04,Safe,0
11893,0.02,Safe,0
10036,0.0,Safe,0
9205,0.01,Safe,0
11739,0.0,Safe,0
288,1.0,High-Risk,1
1868,1.0,High-Risk,1
6090,0.0,Safe,0
10142,0.0,Safe,0
11212,0.0,Safe,0
13696,0.0,Safe,0
9369,0.0,Safe,0
3737,0.19,Safe,0
2953,0.01,Safe,0
6891,0.02,Safe,0
7074,0.0,Safe,0
9918,0.0,Safe,0
3401,0.0,Safe,0
11480,0.0,Safe,0
40,0.98,High-Risk,1
3935,0.05,Safe,0
4662,0.01,Safe,0
12226,1.0,High-Risk,1
2282,0.0,Safe,0
11297,0.12,Safe,0
10248,0.0,Safe,0
39,1.0,High-Risk,1
3539,0.03,Safe,0
3510,0.01,Safe,0
3942,0.0,Safe,0
13318,0.0,Safe,0
2078,0.01,Safe,0
14283,1.0,High-Risk,1
7766,0.01,Safe,0
1546,0.76,Medium-Risk,1
1631,1.0,High-Risk,1
4341,0.11,Safe,0
9064,0.02,Safe,0
2400,0.01,Safe,0
4618,0.13,Safe,0
13191,0.0,Safe,0
14680,1.0,High-Risk,1
2739,0.0,Safe,0
9931,0.02,Safe,0
12144,0.99,High-Risk,1
14636,1.0,High-Risk,1
2096,0.08,Safe,0
14992,1.0,High-Risk,1
2634,0.08,Safe,0
11956,0.04,Safe,0
4192,0.46,Low-Risk,0
9215,0.0,Safe,0
1715,1.0,High-Risk,1
7165,0.0,Safe,0
3687,0.0,Safe,0
8031,0.02,Safe,0
85,1.0,High-Risk,1
7191,0.19,Safe,0
2361,0.04,Safe,0
7073,0.12,Safe,0
1883,1.0,High-Risk,1
1458,1.0,High-Risk,1
7719,0.05,Safe,0
12166,1.0,High-Risk,1
2612,0.13,Safe,0
12783,0.01,Safe,0
6779,0.15,Safe,0
13452,0.0,Safe,0
937,1.0,High-Risk,1
1730,1.0,High-Risk,1
3570,0.0,Safe,0
6433,0.01,Safe,0
2713,0.0,Safe,0
9750,0.01,Safe,0
14329,1.0,High-Risk,1
1217,0.98,High-Risk,1
14657,1.0,High-Risk,1
13714,0.02,Safe,0
6188,0.01,Safe,0
5367,0.0,Safe,0
2376,0.03,Safe,0
12609,1.0,High-Risk,1
2731,0.17,Safe,0
7176,0.01,Safe,0
4429,0.01,Safe,0
1346,0.91,High-Risk,1
9417,0.13,Safe,0
11431,0.02,Safe,0
2181,0.02,Safe,0
3332,0.01,Safe,0
4793,0.0,Safe,0
494,1.0,High-Risk,1
4071,0.01,Safe,0
7576,0.07,Safe,0
5465,0.0,Safe,0
7712,0.41,Low-Risk,0
1856,1.0,High-Risk,1
1309,0.01,Safe,1
14095,0.0,Safe,0
7206,0.01,Safe,0
2338,0.0,Safe,0
4006,0.0,Safe,0
13180,0.01,Safe,0
11349,0.05,Safe,0
33,1.0,High-Risk,1
5101,0.01,Safe,0
9763,0.07,Safe,0
2083,0.12,Safe,0
8274,0.0,Safe,0
13559,0.01,Safe,0
7840,0.0,Safe,0
4292,0.01,Safe,0
582,1.0,High-Risk,1
6738,0.0,Safe,0
13837,0.0,Safe,0
10517,0.39,Low-Risk,0
13761,0.0,Safe,0
11342,0.0,Safe,0
8286,0.01,Safe,0
2740,0.21,Low-Risk,0
3899,0.01,Safe,0
5218,0.02,Safe,0
9960,0.01,Safe,0
287,0.95,High-Risk,1
14209,0.01,Safe,0
4854,0.01,Safe,0
11084,0.25,Low-Risk,0
12700,0.99,High-Risk,1
10986,0.01,Safe,0
14365,1.0,High-Risk,1
1243,0.99,High-Risk,1
8796,0.0,Safe,0
1544,0.94,High-Risk,1
13303,0.0,Safe,0
4434,0.0,Safe,0
7280,0.02,Safe,0
1524,0.98,High-Risk,1
5184,0.0,Safe,0
12340,1.0,High-Risk,1
10653,0.07,Safe,0
821,1.0,High-Risk,1
36,1.0,High-Risk,1
13508,0.12,Safe,0
2460,0.04,Safe,0
4219,0.0,Safe,0
562,1.0,High-Risk,1
9950,0.05,Safe,0
1846,1.0,High-Risk,1
5481,0.0,Safe,0
1710,0.86,Medium-Risk,1
8395,0.0,Safe,0
846,0.99,High-Risk,1
10911,0.01,Safe,0
11686,0.02,Safe,0
10099,0.42,Low-Risk,0
7932,0.14,Safe,0
14302,1.0,High-Risk,1
8743,0.02,Safe,0
8648,0.0,Safe,0
11174,0.1,Safe,0
7722,0.09,Safe,0
6676,0.01,Safe,0
14534,1.0,High-Risk,1
7616,0.21,Low-Risk,0
9233,0.0,Safe,0
2844,0.0,Safe,0
109,1.0,High-Risk,1
5542,0.02,Safe,0
2657,0.02,Safe,0
10006,0.0,Safe,0
3608,0.0,Safe,0
7415,0.01,Safe,0
10200,0.0,Safe,0
6983,0.0,Safe,0
4294,0.23,Low-Risk,0
5871,0.01,Safe,0
8434,0.01,Safe,0
5728,0.15,Safe,0
4444,0.15,Safe,0
359,1.0,High-Risk,1
14570,1.0,High-Risk,1
6648,0.04,Safe,0
9344,0.0,Safe,0
9315,0.0,Safe,0
9760,0.0,Safe,0
11848,0.0,Safe,0
12875,0.01,Safe,0
4250,0.05,Safe,0
3517,0.13,Safe,0
12688,1.0,High-Risk,1
11968,0.0,Safe,0
3795,0.06,Safe,0
1935,1.0,High-Risk,1
1877,1.0,High-Risk,1
10522,0.0,Safe,0
2111,0.02,Safe,0
10955,0.01,Safe,0
14256,0.99,High-Risk,1
5604,0.08,Safe,0
5756,0.55,Low-Risk,0
12222,1.0,High-Risk,1
13099,0.09,Safe,0
8405,0.0,Safe,0
5445,0.02,Safe,0
6574,0.02,Safe,0
9036,0.03,Safe,0
7461,0.25,Low-Risk,0
3389,0.31,Low-Risk,0
14635,1.0,High-Risk,1
1344,1.0,High-Risk,1
7221,0.01,Safe,0
14491,0.99,High-Risk,1
10801,0.01,Safe,0
13285,0.0,Safe,0
7632,0.03,Safe,0
4905,0.05,Safe,0
2408,0.05,Safe,0
4338,0.0,Safe,0
11473,0.13,Safe,0
4654,0.05,Safe,0
4543,0.09,Safe,0
10484,0.01,Safe,0
10852,0.0,Safe,0
11619,0.02,Safe,0
10137,0.01,Safe,0
8788,0.05,Safe,0
13475,0.0,Safe,0
2911,0.03,Safe,0
11634,0.0,Safe,0
5899,0.0,Safe,0
11877,0.08,Safe,0
4209,0.0,Safe,0
11890,0.02,Safe,0
7218,0.0,Safe,0
6626,0.01,Safe,0
343,1.0,High-Risk,1
2277,0.12,Safe,0
8223,0.02,Safe,0
5543,0.02,Safe,0
6169,0.12,Safe,0
10028,0.0,Safe,0
3688,0.01,Safe,0
11720,0.17,Safe,0
9258,0.02,Safe,0
7135,0.23,Low-Risk,0
2821,0.1,Safe,0
11003,0.01,Safe,0
12328,1.0,High-Risk,1
12625,1.0,High-Risk,1
8649,0.02,Safe,0
14834,1.0,High-Risk,1
2536,0.0,Safe,0
4110,0.0,Safe,0
9685,0.0,Safe,0
3910,0.06,Safe,0
198,1.0,High-Risk,1
5316,0.0,Safe,0
7806,0.25,Low-Risk,0
12248,1.0,High-Risk,1
189,0.99,High-Risk,1
5084,0.01,Safe,0
11998,0.01,Safe,0
4255,0.04,Safe,0
144,0.99,High-Risk,1
8529,0.0,Safe,0
13017,0.01,Safe,0
13455,0.0,Safe,0
6246,0.01,Safe,0
3596,0.08,Safe,0
9409,0.01,Safe,0
838,0.99,High-Risk,1
12350,1.0,High-Risk,1
3624,0.03,Safe,0
9537,0.0,Safe,0
7184,0.04,Safe,0
8139,0.0,Safe,0
9636,0.0,Safe,0
10583,0.0,Safe,0
1384,1.0,High-Risk,1
10764,0.0,Safe,0
1757,1.0,High-Risk,1
11782,0.0,Safe,0
9755,0.0,Safe,0
5121,0.0,Safe,0
4191,0.0,Safe,0
13621,0.01,Safe,0
13146,0.01,Safe,0
6951,0.01,Safe,0
14063,0.0,Safe,0
12755,0.99,High-Risk,1
1222,1.0,High-Risk,1
1338,0.03,Safe,1
14976,1.0,High-Risk,1
1588,0.48,Low-Risk,1
12784,0.03,Safe,0
1229,1.0,High-Risk,1
10858,0.0,Safe,0
1498,1.0,High-Risk,1
2027,0.0,Safe,0
2975,0.02,Safe,0
14877,1.0,High-Risk,1
1938,1.0,High-Risk,1
5102,0.0,Safe,0
827,0.09,Safe,1
4380,0.0,Safe,0
10112,0.05,Safe,0
13578,0.01,Safe,0
6344,0.0,Safe,0
8200,0.15,Safe,0
8550,0.0,Safe,0
4876,0.02,Safe,0
10599,0.0,Safe,0
13784,0.05,Safe,0
9087,0.01,Safe,0
6098,0.0,Safe,0
12126,1.0,High-Risk,1
6425,0.02,Safe,0
14111,0.01,Safe,0
56,1.0,High-Risk,1
11032,0.0,Safe,0
12659,0.99,High-Risk,1
12693,1.0,High-Risk,1
761,1.0,High-Risk,1
4622,0.0,Safe,0
7646,0.01,Safe,0
2757,0.0,Safe,0
5270,0.2,Safe,0
13215,0.0,Safe,0
13377,0.03,Safe,0
12279,1.0,High-Risk,1
6954,0.01,Safe,0
5373,0.0,Safe,0
13753,0.01,Safe,0
10870,0.13,Safe,0
12724,1.0,High-Risk,1
595,1.0,High-Risk,1
11593,0.0,Safe,0
6201,0.0,Safe,0
856,1.0,High-Risk,1
10648,0.01,Safe,0
3230,0.03,Safe,0
3978,0.01,Safe,0
5700,0.01,Safe,0
6301,0.02,Safe,0
5174,0.1,Safe,0
10645,0.0,Safe,0
14813,1.0,High-Risk,1
8614,0.01,Safe,0
9376,0.0,Safe,0
12650,1.0,High-Risk,1
4587,0.08,Safe,0
89,1.0,High-Risk,1
13541,0.05,Safe,0
9453,0.01,Safe,0
14847,1.0,High-Risk,1
14870,0.99,High-Risk,1
6455,0.1,Safe,0
1089,1.0,High-Risk,1
3245,0.06,Safe,0
8068,0.0,Safe,0
44,1.0,High-Risk,1
10656,0.0,Safe,0
13641,0.0,Safe,0
7553,0.03,Safe,0
12098,1.0,High-Risk,1
11056,0.05,Safe,0
12979,0.0,Safe,0
13631,0.0,Safe,0
2625,0.34,Low-Risk,0
9949,0.01,Safe,0
7474,0.0,Safe,0
9264,0.03,Safe,0
5119,0.0,Safe,0
8122,0.0,Safe,0
10555,0.01,Safe,0
10682,0.04,Safe,0
10988,0.1,Safe,0
10239,0.05,Safe,0
1999,1.0,High-Risk,1
6203,0.0,Safe,0
852,0.61,Medium-Risk,1
10784,0.06,Safe,0
8882,0.14,Safe,0
9275,0.0,Safe,0
2600,0.0,Safe,0
1432,0.91,High-Risk,1
1329,1.0,High-Risk,1
6538,0.01,Safe,0
12585,1.0,High-Risk,1
10871,0.0,Safe,0
11132,0.02,Safe,0
14403,1.0,High-Risk,1
13742,0.01,Safe,0
14052,0.0,Safe,0
5306,0.06,Safe,0
5136,0.16,Safe,0
6355,0.05,Safe,0
13370,0.02,Safe,0
7841,0.29,Low-Risk,0
10268,0.02,Safe,0
6647,0.02,Safe,0
6429,0.03,Safe,0
8931,0.0,Safe,0
3282,0.01,Safe,0
12324,1.0,High-Risk,1
10851,0.0,Safe,0
9703,0.01,Safe,0
13617,0.04,Safe,0
2837,0.08,Safe,0
4936,0.12,Safe,0
8752,0.03,Safe,0
10887,0.01,Safe,0
11617,0.0,Safe,0
9297,0.0,Safe,0
6365,0.1,Safe,0
3662,0.03,Safe,0
4159,0.0,Safe,0
13643,0.01,Safe,0
7264,0.02,Safe,0
10635,0.12,Safe,0
5049,0.0,Safe,0
9243,0.08,Safe,0
6050,0.0,Safe,0
13197,0.01,Safe,0
4117,0.02,Safe,0
13632,0.01,Safe,0
7055,0.05,Safe,0
13595,0.03,Safe,0
8942,0.0,Safe,0
13482,0.01,Safe,0
3053,0.03,Safe,0
14460,1.0,High-Risk,1
13086,0.06,Safe,0
13081,0.13,Safe,0
10563,0.13,Safe,0
7370,0.0,Safe,0
3598,0.66,Medium-Risk,0
9569,0.0,Safe,0
11042,0.0,Safe,0
6945,0.0,Safe,0
9512,0.19,Safe,0
3360,0.02,Safe,0
6523,0.0,Safe,0
2753,0.01,Safe,0
14425,1.0,High-Risk,1
13104,0.05,Safe,0
6837,0.0,Safe,0
3197,0.0,Safe,0
9341,0.09,Safe,0
11783,0.0,Safe,0
2936,0.01,Safe,0
9730,0.02,Safe,0
941,1.0,High-Risk,1
10465,0.05,Safe,0
10013,0.04,Safe,0
10335,0.15,Safe,0
10432,0.0,Safe,0
527,1.0,High-Risk,1
8142,0.04,Safe,0
4563,0.03,Safe,0
2060,0.0,Safe,0
1862,1.0,High-Risk,1
9991,0.12,Safe,0
123,0.99,High-Risk,1
2113,0.0,Safe,0
8808,0.36,Low-Risk,0
5866,0.32,Low-Risk,0
13855,0.0,Safe,0
14739,1.0,High-Risk,1
5988,0.01,Safe,0
4509,0.0,Safe,0
5921,0.05,Safe,0
8284,0.0,Safe,0
14925,1.0,High-Risk,1
4201,0.0,Safe,0
9631,0.06,Safe,0
4472,0.0,Safe,0
1441,0.93,High-Risk,1
13866,0.0,Safe,0
12104,1.0,High-Risk,1
12260,1.0,High-Risk,1
14581,1.0,High-Risk,1
6019,0.04,Safe,0
2145,0.04,Safe,0
10734,0.0,Safe,0
61,1.0,High-Risk,1
5447,0.04,Safe,0
6004,0.01,Safe,0
8694,0.03,Safe,0
11316,0.12,Safe,0
8806,0.18,Safe,0
3558,0.04,Safe,0
522,1.0,High-Risk,1
13499,0.01,Safe,0
12188,1.0,High-Risk,1
4174,0.14,Safe,0
12056,1.0,High-Risk,1
11528,0.0,Safe,0
1082,0.84,Medium-Risk,1
10593,0.01,Safe,0
1784,0.94,High-Risk,1
11413,0.12,Safe,0
1712,0.99,High-Risk,1
1654,1.0,High-Risk,1
13638,0.02,Safe,0
11357,0.02,Safe,0
1594,1.0,High-Risk,1
3994,0.01,Safe,0
454,1.0,High-Risk,1
10479,0.37,Low-Risk,0
5439,0.0,Safe,0
11386,0.0,Safe,0
5156,0.12,Safe,0
3452,0.02,Safe,0
3902,0.03,Safe,0
4480,0.03,Safe,0
7350,0.02,Safe,0
7660,0.01,Safe,0
5486,0.01,Safe,0
1476,0.64,Medium-Risk,1
558,1.0,High-Risk,1
11978,0.0,Safe,0
5541,0.08,Safe,0
11713,0.0,Safe,0
4262,0.0,Safe,0
476,1.0,High-Risk,1
11333,0.0,Safe,0
2979,0.03,Safe,0
3264,0.0,Safe,0
883,1.0,High-Risk,1
1714,1.0,High-Risk,1
12789,0.01,Safe,0
4221,0.03,Safe,0
1909,0.67,Medium-Risk,1
3958,0.0,Safe,0
1709,0.98,High-Risk,1
2690,0.06,Safe,0
9601,0.05,Safe,0
9203,0.27,Low-Risk,0
14027,0.0,Safe,0
6703,0.0,Safe,0
5981,0.0,Safe,0
10172,0.04,Safe,0
2922,0.01,Safe,0
6970,0.01,Safe,0
11450,0.0,Safe,0
8413,0.11,Safe,0
5704,0.06,Safe,0
9669,0.0,Safe,0
6143,0.14,Safe,0
14389,1.0,High-Risk,1
4425,0.09,Safe,0
10680,0.01,Safe,0
13652,0.0,Safe,0
1264,0.94,High-Risk,1
1292,1.0,High-Risk,1
14520,1.0,High-Risk,1
13873,0.02,Safe,0
2250,0.33,Low-Risk,0
11352,0.01,Safe,0
10192,0.02,Safe,0
9330,0.0,Safe,0
9432,0.0,Safe,0
13195,0.01,Safe,0
11542,0.01,Safe,0
741,0.66,Medium-Risk,1
3657,0.01,Safe,0
1293,0.11,Safe,1
12836,0.01,Safe,0
8597,0.0,Safe,0
5637,0.01,Safe,0
13047,0.0,Safe,0
11623,0.03,Safe,0
3718,0.01,Safe,0
10226,0.0,Safe,0
5600,0.35,Low-Risk,0
6984,0.01,Safe,0
14012,0.0,Safe,0
10815,0.0,Safe,0
9884,0.02,Safe,0
9422,0.01,Safe,0
3703,0.0,Safe,0
9749,0.06,Safe,0
12652,1.0,High-Risk,1
8795,0.32,Low-Risk,0
9163,0.01,Safe,0
2356,0.02,Safe,0
7853,0.0,Safe,0
1666,1.0,High-Risk,1
12498,1.0,High-Risk,1
11409,0.0,Safe,0
13460,0.03,Safe,0
566,1.0,High-Risk,1
1609,0.17,Safe,1
12810,0.0,Safe,0
1039,0.96,High-Risk,1
13553,0.0,Safe,0
12866,0.0,Safe,0
13173,0.0,Safe,0
5500,0.01,Safe,0
8417,0.0,Safe,0
7821,0.19,Safe,0
1280,0.92,High-Risk,1
11737,0.01,Safe,0
7426,0.01,Safe,0
7318,0.2,Safe,0
2998,0.0,Safe,0
12094,1.0,High-Risk,1
10671,0.34,Low-Risk,0
8154,0.0,Safe,0
6328,0.07,Safe,0
12952,0.0,Safe,0
3702,0.01,Safe,0
787,1.0,High-Risk,1
629,1.0,High-Risk,1
1994,1.0,High-Risk,1
4529,0.01,Safe,0
9222,0.02,Safe,0
6036,0.0,Safe,0
2962,0.02,Safe,0
14327,0.98,High-Risk,1
10083,0.01,Safe,0
4887,0.1,Safe,0
12897,0.0,Safe,0
7728,0.0,Safe,0
6885,0.01,Safe,0
12403,0.99,High-Risk,1
14108,0.01,Safe,0
11578,0.0,Safe,0
14291,1.0,High-Risk,1
10336,0.0,Safe,0
12855,0.03,Safe,0
11491,0.04,Safe,0
10473,0.0,Safe,0
3536,0.09,Safe,0
8322,0.11,Safe,0
4278,0.01,Safe,0
14152,0.02,Safe,0
11338,0.0,Safe,0
12147,1.0,High-Risk,1
6231,0.03,Safe,0
13743,0.01,Safe,0
8087,0.02,Safe,0
4489,0.32,Low-Risk,0
13616,0.0,Safe,0
12627,1.0,High-Risk,1
6939,0.01,Safe,0
860,0.97,High-Risk,1
7141,0.02,Safe,0
2039,0.02,Safe,0
8962,0.02,Safe,0
2029,0.14,Safe,0
14517,0.96,High-Risk,1
3209,0.02,Safe,0
488,1.0,High-Risk,1
2401,0.01,Safe,0
589,1.0,High-Risk,1
14770,1.0,High-Risk,1
8687,0.0,Safe,0
5078,0.0,Safe,0
11055,0.01,Safe,0
13188,0.03,Safe,0
5331,0.03,Safe,0
14177,0.0,Safe,0
8455,0.02,Safe,0
9099,0.0,Safe,0
9391,0.03,Safe,0
6293,0.07,Safe,0
8871,0.0,Safe,0
637,1.0,High-Risk,1
2489,0.0,Safe,0
14526,1.0,High-Risk,1
423,1.0,High-Risk,1
28,1.0,High-Risk,1
8428,0.01,Safe,0
8319,0.07,Safe,0
7958,0.0,Safe,0
12960,0.0,Safe,0
3752,0.03,Safe,0
11972,0.01,Safe,0
8715,0.0,Safe,0
6466,1.0,High-Risk,0
111,0.98,High-Risk,1
9045,0.0,Safe,0
763,1.0,High-Risk,1
1561,1.0,High-Risk,1
4993,0.04,Safe,0
799,0.99,High-Risk,1
14776,0.98,High-Risk,1
1088,0.97,High-Risk,1
8703,0.0,Safe,0
12583,1.0,High-Risk,1
6550,0.01,Safe,0
1467,1.0,High-Risk,1
14483,1.0,High-Risk,1
12628,0.99,High-Risk,1
9044,0.0,Safe,0
13419,0.08,Safe,0
10487,0.0,Safe,0
1881,1.0,High-Risk,1
1925,0.71,Medium-Risk,1
9147,0.0,Safe,0
10956,0.0,Safe,0
1735,1.0,High-Risk,1
14371,1.0,High-Risk,1
1145,1.0,High-Risk,1
5131,0.14,Safe,0
7313,0.15,Safe,0
2302,0.06,Safe,0
9077,0.0,Safe,0
713,0.99,High-Risk,1
12910,0.06,Safe,0
12926,0.0,Safe,0
1386,1.0,High-Risk,1
6731,0.1,Safe,0
9382,0.0,Safe,0
3968,0.0,Safe,0
13334,0.0,Safe,0
5402,0.28,Low-Risk,0
1731,1.0,High-Risk,1
6053,0.0,Safe,0
12943,0.02,Safe,0
14574,1.0,High-Risk,1
8670,0.07,Safe,0
692,0.99,High-Risk,1
5424,0.0,Safe,0
12084,1.0,High-Risk,1
5635,0.06,Safe,0
12872,0.0,Safe,0
3098,0.05,Safe,0
1515,0.67,Medium-Risk,1
2126,0.0,Safe,0
11272,0.03,Safe,0
5356,0.44,Low-Risk,0
7271,0.05,Safe,0
1122,1.0,High-Risk,1
11806,0.0,Safe,0
4709,0.18,Safe,0
8916,0.0,Safe,0
14102,0.0,Safe,0
5561,0.01,Safe,0
8220,0.0,Safe,0
133,1.0,High-Risk,1
4240,0.17,Safe,0
5186,0.0,Safe,0
1833,1.0,High-Risk,1
7966,0.01,Safe,0
7106,0.0,Safe,0
1684,1.0,High-Risk,1
11425,0.0,Safe,0
5262,0.1,Safe,0
1998,1.0,High-Risk,1
6191,0.01,Safe,0
422,1.0,High-Risk,1
8052,0.0,Safe,0
6113,0.01,Safe,0
8631,0.04,Safe,0
4635,0.04,Safe,0
12841,0.0,Safe,0
5892,0.0,Safe,0
12178,1.0,High-Risk,1
5217,0.0,Safe,0
6817,0.07,Safe,0
13906,0.0,Safe,0
3525,0.48,Low-Risk,0
12146,1.0,High-Risk,1
13977,0.0,Safe,0
2170,0.12,Safe,0
5992,0.0,Safe,0
12493,1.0,High-Risk,1
1611,1.0,High-Risk,1
9470,0.0,Safe,0
1760,1.0,High-Risk,1
14843,0.99,High-Risk,1
13883,0.0,Safe,0
7094,0.0,Safe,0
10332,0.01,Safe,0
5712,0.0,Safe,0
1076,1.0,High-Risk,1
5940,0.01,Safe,0
13803,0.0,Safe,0
9346,0.0,Safe,0
14630,0.94,High-Risk,1
13614,0.01,Safe,0
2635,0.0,Safe,0
3735,0.22,Low-Risk,0
13243,0.0,Safe,0
13678,0.01,Safe,0
8699,0.02,Safe,0
4002,0.19,Safe,0
14125,0.0,Safe,0
11011,0.01,Safe,0
2047,0.0,Safe,0
8180,0.0,Safe,0
12921,0.0,Safe,0
9835,0.1,Safe,0
4894,0.0,Safe,0
3639,0.05,Safe,0
9245,0.03,Safe,0
1952,0.99,High-Risk,1
14294,1.0,High-Risk,1
11267,0.01,Safe,0
5365,0.01,Safe,0
11376,0.0,Safe,0
11702,0.0,Safe,0
8676,0.01,Safe,0
5881,0.0,Safe,0
2708,0.02,Safe,0
6713,0.01,Safe,0
14407,0.9,Medium-Risk,1
14281,0.9,Medium-Risk,1
3605,0.05,Safe,0
13978,0.0,Safe,0
5451,0.16,Safe,0
5065,0.04,Safe,0
14993,0.94,High-Risk,1
12749,1.0,High-Risk,1
10726,0.01,Safe,0
5118,0.0,Safe,0
13930,0.0,Safe,0
9887,0.01,Safe,0
14848,1.0,High-Risk,1
3919,0.06,Safe,0
1795,0.95,High-Risk,1
11354,0.1,Safe,0
2531,0.08,Safe,0
6133,0.07,Safe,0
5582,0.02,Safe,0
11504,0.0,Safe,0
887,1.0,High-Risk,1
5786,0.02,Safe,0
3346,0.02,Safe,0
1167,0.94,High-Risk,1
5325,0.0,Safe,0
5355,0.09,Safe,0
13748,0.0,Safe,0
9647,0.12,Safe,0
8775,0.0,Safe,0
4878,0.03,Safe,0
11732,0.02,Safe,0
2441,0.14,Safe,0
14896,1.0,High-Risk,1
7000,0.0,Safe,0
14900,1.0,High-Risk,1
12683,0.78,Medium-Risk,1
6327,0.0,Safe,0
3136,0.0,Safe,0
1534,0.99,High-Risk,1
10614,0.0,Safe,0
5555,0.03,Safe,0
8870,0.0,Safe,0
7561,0.01,Safe,0
7635,0.02,Safe,0
12845,0.0,Safe,0
3874,0.07,Safe,0
7672,0.14,Safe,0
11028,0.01,Safe,0
3465,0.08,Safe,0
9088,0.03,Safe,0
12485,0.88,Medium-Risk,1
268,1.0,High-Risk,1
4627,0.09,Safe,0
8347,0.01,Safe,0
9568,0.13,Safe,0
1711,1.0,High-Risk,1
3526,0.02,Safe,0
7011,0.01,Safe,0
10426,0.16,Safe,0
142,1.0,High-Risk,1
6492,0.0,Safe,0
258,0.96,High-Risk,1
3950,0.01,Safe,0
7438,0.0,Safe,0
7473,0.14,Safe,0
3005,0.06,Safe,0
13856,0.0,Safe,0
3235,0.0,Safe,0
782,0.87,Medium-Risk,1
285,1.0,High-Risk,1
13912,0.0,Safe,0
3622,0.02,Safe,0
4206,0.01,Safe,0
13142,0.0,Safe,0
11728,0.02,Safe,0
12860,0.0,Safe,0
12703,1.0,High-Risk,1
10804,0.0,Safe,0
3143,0.0,Safe,0
5574,0.03,Safe,0
12424,1.0,High-Risk,1
480,1.0,High-Risk,1
7201,0.1,Safe,0
760,1.0,High-Risk,1
12063,1.0,High-Risk,1
7971,0.0,Safe,0
8354,0.01,Safe,0
7353,0.0,Safe,0
10749,0.0,Safe,0
5886,0.0,Safe,0
11099,0.04,Safe,0
6193,0.04,Safe,0
8131,0.0,Safe,0
10714,0.04,Safe,0
13923,0.0,Safe,0
8173,0.0,Safe,0
7255,0.09,Safe,0
4920,0.0,Safe,0
3274,0.02,Safe,0
5425,0.01,Safe,0
12461,1.0,High-Risk,1
2191,0.0,Safe,0
13919,0.03,Safe,0
1040,1.0,High-Risk,1
10120,0.01,Safe,0
10779,0.0,Safe,0
1159,0.99,High-Risk,1
6309,0.0,Safe,0
10894,0.06,Safe,0
266,1.0,High-Risk,1
14625,1.0,High-Risk,1
7907,0.03,Safe,0
552,1.0,High-Risk,1
6262,0.0,Safe,0
5631,0.03,Safe,0
3427,0.0,Safe,0
868,0.98,High-Risk,1
8026,0.0,Safe,0
8085,0.1,Safe,0
12033,1.0,High-Risk,1
5925,0.0,Safe,0
3730,0.02,Safe,0
1556,1.0,High-Risk,1
7622,0.0,Safe,0
3870,0.07,Safe,0
165,1.0,High-Risk,1
9746,0.06,Safe,0
4495,0.0,Safe,0
11139,0.03,Safe,0
9828,0.35,Low-Risk,0
3157,0.0,Safe,0
5358,0.01,Safe,0
2933,0.01,Safe,0
5185,0.0,Safe,0
4941,0.02,Safe,0
12550,1.0,High-Risk,1
8830,0.03,Safe,0
8034,0.0,Safe,0
7443,0.95,High-Risk,0
5622,0.03,Safe,0
2268,0.08,Safe,0
3142,0.0,Safe,0
11123,0.0,Safe,0
12272,1.0,High-Risk,1
10711,0.01,Safe,0
7571,0.0,Safe,0
6057,0.01,Safe,0
13487,0.01,Safe,0
14887,1.0,High-Risk,1
14994,1.0,High-Risk,1
7940,0.0,Safe,0
14324,1.0,High-Risk,1
9892,0.0,Safe,0
3343,0.01,Safe,0
13055,0.01,Safe,0
1479,1.0,High-Risk,1
13853,0.0,Safe,0
6820,0.0,Safe,0
9677,0.02,Safe,0
5797,0.19,Safe,0
11697,0.02,Safe,0
14828,1.0,High-Risk,1
6833,0.0,Safe,0
7257,0.08,Safe,0
10072,0.03,Safe,0
4624,0.13,Safe,0
13759,0.0,Safe,0
7290,0.21,Low-Risk,0
14512,0.94,High-Risk,1
7211,0.0,Safe,0
12704,0.6,Low-Risk,1
7517,0.18,Safe,0
2436,0.0,Safe,0
14479,1.0,High-Risk,1
8416,0.14,Safe,0
5592,0.05,Safe,0
2274,0.01,Safe,0
14411,1.0,High-Risk,1
14312,1.0,High-Risk,1
14399,1.0,High-Risk,1
14713,1.0,High-Risk,1
8040,0.04,Safe,0
13537,0.01,Safe,0
2266,0.0,Safe,0
3609,0.0,Safe,0
4842,0.26,Low-Risk,0
5675,0.0,Safe,0
5387,0.02,Safe,0
1942,1.0,High-Risk,1
6976,0.0,Safe,0
3101,0.0,Safe,0
7687,0.04,Safe,0
6202,0.01,Safe,0
1119,1.0,High-Risk,1
4170,0.16,Safe,0
4924,0.01,Safe,0
8275,0.02,Safe,0
2894,0.0,Safe,0
9661,0.02,Safe,0
5199,0.16,Safe,0
2291,0.03,Safe,0
11325,0.01,Safe,0
227,1.0,High-Risk,1
12851,0.04,Safe,0
14702,1.0,High-Risk,1
6636,0.04,Safe,0
7818,0.23,Low-Risk,0
7418,0.04,Safe,0
10019,0.05,Safe,0
14515,1.0,High-Risk,1
9133,0.12,Safe,0
11288,0.01,Safe,0
129,1.0,High-Risk,1
9122,0.04,Safe,0
5914,0.0,Safe,0
9544,0.05,Safe,0
11218,0.0,Safe,0
12946,0.0,Safe,0
13416,0.0,Safe,0
11107,0.0,Safe,0
12393,1.0,High-Risk,1
14775,1.0,High-Risk,1
10792,0.0,Safe,0
1127,1.0,High-Risk,1
8563,0.1,Safe,0
10980,0.0,Safe,0
11858,0.01,Safe,0
7169,0.15,Safe,0
14983,0.97,High-Risk,1
12638,0.99,High-Risk,1
9448,0.13,Safe,0
2109,0.0,Safe,0
3731,0.0,Safe,0
5273,0.11,Safe,0
3192,0.04,Safe,0
1011,1.0,High-Risk,1
8115,0.05,Safe,0
14820,1.0,High-Risk,1
5572,0.0,Safe,0
4902,0.05,Safe,0
9333,0.01,Safe,0
1183,0.99,High-Risk,1
8628,0.06,Safe,0
4105,0.0,Safe,0
13362,0.0,Safe,0
7429,0.01,Safe,0
2710,0.03,Safe,0
13326,0.01,Safe,0
7061,0.02,Safe,0
11630,0.01,Safe,0
10897,0.01,Safe,0
10523,0.02,Safe,0
10458,0.07,Safe,0
13983,0.0,Safe,0
9527,0.04,Safe,0
5573,0.06,Safe,0
11994,0.0,Safe,0
7965,0.0,Safe,0
921,1.0,High-Risk,1
2458,0.01,Safe,0
12496,1.0,High-Risk,1
951,1.0,High-Risk,1
4947,0.02,Safe,0
3689,0.01,Safe,0
554,1.0,High-Risk,1
514,0.98,High-Risk,1
4161,0.13,Safe,0
11054,0.0,Safe,0
1260,1.0,High-Risk,1
5796,0.02,Safe,0
4927,0.0,Safe,0
8917,0.01,Safe,0
9554,0.0,Safe,0
11915,0.02,Safe,0
3911,0.0,Safe,0
736,1.0,High-Risk,1
14855,0.88,Medium-Risk,1
9038,0.01,Safe,0
9279,0.01,Safe,0
12111,0.98,High-Risk,1
128,1.0,High-Risk,1
13615,0.01,Safe,0
7015,0.01,Safe,0
9224,0.0,Safe,0
8224,0.19,Safe,0
14513,1.0,High-Risk,1
13276,0.13,Safe,0
12095,1.0,High-Risk,1
10929,0.03,Safe,0
3104,0.02,Safe,0
11531,0.01,Safe,0
10435,0.01,Safe,0
12078,1.0,High-Risk,1
1296,1.0,High-Risk,1
2672,0.01,Safe,0
6071,0.06,Safe,0
2049,0.0,Safe,0
1227,1.0,High-Risk,1
5412,0.05,Safe,0
10195,0.0,Safe,0
6021,0.0,Safe,0
14404,1.0,High-Risk,1
3789,0.0,Safe,0
5258,0.0,Safe,0
6390,0.0,Safe,0
14554,1.0,High-Risk,1
14725,0.98,High-Risk,1
8640,0.14,Safe,0
3524,0.0,Safe,0
6092,0.03,Safe,0
8370,0.11,Safe,0
14090,0.0,Safe,0
3826,0.0,Safe,0
14988,0.99,High-Risk,1
6823,0.09,Safe,0
8443,0.17,Safe,0
14227,1.0,High-Risk,1
12370,1.0,High-Risk,1
10298,0.0,Safe,0
1010,1.0,High-Risk,1
8013,0.0,Safe,0
766,0.75,Medium-Risk,1
9414,0.01,Safe,0
97,1.0,High-Risk,1
9518,0.01,Safe,0
10245,0.0,Safe,0
12764,0.99,High-Risk,1
3241,0.27,Low-Risk,0
14589,0.69,Medium-Risk,1
8653,0.03,Safe,0
6392,0.0,Safe,0
9984,0.01,Safe,0
8773,0.0,Safe,0
14199,0.0,Safe,0
13790,0.07,Safe,0
4626,0.02,Safe,0
5560,0.09,Safe,0
3354,0.0,Safe,0
12217,1.0,High-Risk,1
6883,0.79,Medium-Risk,0
8736,0.06,Safe,0
7525,0.02,Safe,0
6638,0.01,Safe,0
13642,0.02,Safe,0
7919,0.02,Safe,0
5623,0.09,Safe,0
11366,0.01,Safe,0
13083,0.01,Safe,0
3327,0.01,Safe,0
4021,0.01,Safe,0
14632,1.0,High-Risk,1
12179,1.0,High-Risk,1
717,1.0,High-Risk,1
2259,0.0,Safe,0
4023,0.11,Safe,0
5875,0.21,Low-Risk,0
11690,0.01,Safe,0
10181,0.09,Safe,0
8783,0.01,Safe,0
2695,0.06,Safe,0
2764,0.0,Safe,0
13788,0.0,Safe,0
2951,0.06,Safe,0
12433,1.0,High-Risk,1
11840,0.02,Safe,0
6269,0.04,Safe,0
11397,0.0,Safe,0
3269,0.0,Safe,0
5035,0.03,Safe,0
10187,0.0,Safe,0
11515,0.01,Safe,0
10673,0.01,Safe,0
7341,0.0,Safe,0
750,1.0,High-Risk,1
3923,0.0,Safe,0
559,1.0,High-Risk,1
9244,0.02,Safe,0
11612,0.06,Safe,0
13421,0.0,Safe,0
8155,0.01,Safe,0
8781,0.03,Safe,0
10108,0.05,Safe,0
11822,0.0,Safe,0
5313,0.03,Safe,0
11912,0.02,Safe,0
11453,0.0,Safe,0
685,0.97,High-Risk,1
9841,0.02,Safe,0
435,1.0,High-Risk,1
720,1.0,High-Risk,1
7016,0.07,Safe,0
11991,0.04,Safe,0
2183,0.1,Safe,0
4165,0.0,Safe,0
11512,0.0,Safe,0
1028,0.96,High-Risk,1
1830,0.99,High-Risk,1
3514,0.07,Safe,0
6486,0.01,Safe,0
4349,0.0,Safe,0
5971,0.03,Safe,0
11471,0.01,Safe,0
5565,0.58,Low-Risk,0
10943,0.01,Safe,0
6756,0.0,Safe,0
7664,0.22,Low-Risk,0
13085,0.0,Safe,0
8572,0.0,Safe,0
9853,0.01,Safe,0
12696,0.96,High-Risk,1
3782,0.12,Safe,0
12074,0.99,High-Risk,1
3876,0.0,Safe,0
2522,0.0,Safe,0
5243,0.0,Safe,0
5048,0.0,Safe,0
2205,0.03,Safe,0
9894,0.0,Safe,0
12115,1.0,High-Risk,1
14821,1.0,High-Risk,1
1943,1.0,High-Risk,1
2636,0.02,Safe,0
13770,0.01,Safe,0
14058,0.0,Safe,0
3759,0.03,Safe,0
6386,0.0,Safe,0
3663,0.01,Safe,0
7957,0.01,Safe,0
3960,0.0,Safe,0
80,1.0,High-Risk,1
1030,1.0,High-Risk,1
13438,0.04,Safe,0
6773,0.02,Safe,0
13465,0.04,Safe,0
11733,0.0,Safe,0
6507,0.0,Safe,0
580,1.0,High-Risk,1
7448,0.0,Safe,0
9781,1.0,High-Risk,0
10946,0.0,Safe,0
4817,0.29,Low-Risk,0
4103,0.04,Safe,0
3924,0.02,Safe,0
13463,0.01,Safe,0
10121,0.0,Safe,0
14172,0.15,Safe,0
10206,0.14,Safe,0
6382,0.19,Safe,0
2022,0.05,Safe,0
14253,1.0,High-Risk,1
1466,0.99,High-Risk,1
6288,0.03,Safe,0
14124,0.0,Safe,0
5064,0.06,Safe,0
11199,0.02,Safe,0
11986,0.05,Safe,0
11549,0.02,Safe,0
8934,0.07,Safe,0
12256,1.0,High-Risk,1
5052,0.01,Safe,0
10699,0.06,Safe,0
13498,0.0,Safe,0
13674,0.0,Safe,0
14234,1.0,High-Risk,1
1367,1.0,High-Risk,1
10075,0.0,Safe,0
4621,0.18,Safe,0
9674,0.0,Safe,0
6815,0.0,Safe,0
9454,0.08,Safe,0
7762,0.98,High-Risk,0
7250,0.03,Safe,0
9587,0.01,Safe,0
12756,1.0,High-Risk,1
10564,0.0,Safe,0
1439,0.68,Medium-Risk,1
29,1.0,High-Risk,1
11658,0.06,Safe,0
2359,0.0,Safe,0
368,1.0,High-Risk,1
13357,0.0,Safe,0
12181,1.0,High-Risk,1
5470,0.0,Safe,0
13914,0.0,Safe,0
148,0.91,High-Risk,1
5634,0.06,Safe,0
2899,0.01,Safe,0
507,1.0,High-Risk,1
12364,1.0,High-Risk,1
14502,1.0,High-Risk,1
3431,0.0,Safe,0
13693,0.0,Safe,0
12599,1.0,High-Risk,1
13192,0.05,Safe,0
5751,0.07,Safe,0
3223,0.07,Safe,0
1713,0.02,Safe,1
9699,0.0,Safe,0
2624,0.01,Safe,0
14851,1.0,High-Risk,1
2107,0.0,Safe,0
13096,0.0,Safe,0
12986,0.0,Safe,0
9616,0.0,Safe,0
7109,0.0,Safe,0
3372,0.0,Safe,0
1738,1.0,High-Risk,1
12954,0.0,Safe,0
1928,1.0,High-Risk,1
3575,0.02,Safe,0
14794,1.0,High-Risk,1
8747,0.18,Safe,0
2675,0.0,Safe,0
3602,0.01,Safe,0
9731,0.02,Safe,0
11172,0.0,Safe,0
7905,0.09,Safe,0
9071,0.0,Safe,0
9595,0.01,Safe,0
6822,0.0,Safe,0
12120,0.88,Medium-Risk,1
191,0.95,High-Risk,1
3026,0.03,Safe,0
14218,0.96,High-Risk,1
14433,1.0,High-Risk,1
8641,0.04,Safe,0
8770,0.0,Safe,0
6501,0.12,Safe,0
10425,0.02,Safe,0
6484,0.01,Safe,0
3307,0.1,Safe,0
3305,0.08,Safe,0
7399,0.0,Safe,0
5261,0.05,Safe,0
3857,0.01,Safe,0
10113,0.02,Safe,0
6252,0.03,Safe,0
4072,0.0,Safe,0
9207,0.0,Safe,0
108,0.94,High-Risk,1
1679,1.0,High-Risk,1
14445,0.69,Medium-Risk,1
4535,0.0,Safe,0
10450,0.0,Safe,0
7895,0.21,Low-Risk,0
10136,0.07,Safe,0
2676,0.01,Safe,0
1438,0.99,High-Risk,1
9477,0.07,Safe,0
12417,1.0,High-Risk,1
10652,0.23,Low-Risk,0
6904,0.02,Safe,0
9640,0.0,Safe,0
3990,0.01,Safe,0
14841,1.0,High-Risk,1
4303,0.01,Safe,0
9301,0.0,Safe,0
4770,0.06,Safe,0
9020,0.08,Safe,0
1809,0.95,High-Risk,1
12386,1.0,High-Risk,1
9174,0.0,Safe,0
9028,0.03,Safe,0
8309,0.0,Safe,0
4553,0.04,Safe,0
14766,1.0,High-Risk,1
5458,0.21,Low-Risk,0
12754,0.93,High-Risk,1
13277,0.03,Safe,0
6482,0.0,Safe,0
3329,0.0,Safe,0
747,1.0,High-Risk,1
4747,0.07,Safe,0
7037,0.2,Safe,0
11493,0.0,Safe,0
2496,0.02,Safe,0
10515,0.01,Safe,0
1582,0.99,High-Risk,1
10322,0.0,Safe,0
5384,0.37,Low-Risk,0
6360,0.01,Safe,0
10866,0.04,Safe,0
14300,1.0,High-Risk,1
1603,1.0,High-Risk,1
5840,0.46,Low-Risk,0
4856,0.15,Safe,0
5380,0.01,Safe,0
2143,0.03,Safe,0
12135,0.86,Medium-Risk,1
11018,0.01,Safe,0
13813,0.0,Safe,0
9629,0.0,Safe,0
9322,0.0,Safe,0
14644,1.0,High-Risk,1
5711,0.0,Safe,0
5072,0.07,Safe,0
2172,0.0,Safe,0
10708,0.0,Safe,0
4599,0.08,Safe,0
9524,0.04,Safe,0
291,1.0,High-Risk,1
12021,1.0,High-Risk,1
3118,0.02,Safe,0
12435,1.0,High-Risk,1
5491,0.08,Safe,0
9285,0.04,Safe,0
12923,0.0,Safe,0
11420,0.0,Safe,0
5452,0.08,Safe,0
4945,0.09,Safe,0
4076,0.4,Low-Risk,0
7863,0.0,Safe,0
10091,0.08,Safe,0
3669,0.04,Safe,0
13097,0.01,Safe,0
12193,1.0,High-Risk,1
14904,1.0,High-Risk,1
9172,0.04,Safe,0
10811,0.0,Safe,0
3023,0.0,Safe,0
12990,0.0,Safe,0
7530,0.0,Safe,0
7359,0.0,Safe,0
3543,0.01,Safe,0
4309,0.01,Safe,0
4212,0.07,Safe,0
1078,0.99,High-Risk,1
8027,0.02,Safe,0
1932,1.0,High-Risk,1
13365,0.09,Safe,0
5342,0.19,Safe,0
13389,0.01,Safe,0
7594,0.01,Safe,0
11723,0.0,Safe,0
3158,0.0,Safe,0
8948,0.08,Safe,0
13363,0.01,Safe,0
378,0.69,Medium-Risk,1
14563,1.0,High-Risk,1
9799,0.01,Safe,0
550,1.0,High-Risk,1
11221,0.01,Safe,0
3374,0.02,Safe,0
2087,0.05,Safe,0
1312,0.97,High-Risk,1
1513,0.94,High-Risk,1
5135,0.03,Safe,0
10325,0.0,Safe,0
1551,0.91,High-Risk,1
12425,1.0,High-Risk,1
7773,0.11,Safe,0
9229,0.0,Safe,0
13659,0.01,Safe,0
2781,0.01,Safe,0
4462,0.01,Safe,0
10048,0.0,Safe,0
7306,0.02,Safe,0
2051,0.0,Safe,0
9060,0.3,Low-Risk,0
8862,0.15,Safe,0
6310,0.01,Safe,0
6563,0.01,Safe,0
2346,0.01,Safe,0
13802,0.01,Safe,0
8706,0.0,Safe,0
11823,0.01,Safe,0
5839,0.1,Safe,0
10214,0.19,Safe,0
12799,0.0,Safe,0
6451,0.0,Safe,0
14446,1.0,High-Risk,1
4344,0.02,Safe,0
11871,0.01,Safe,0
5318,0.0,Safe,0
13067,0.01,Safe,0
6862,0.0,Safe,0
10263,0.0,Safe,0
6104,0.32,Low-Risk,0
1468,0.99,High-Risk,1
11952,0.0,Safe,0
4104,0.05,Safe,0
11146,0.0,Safe,0
13931,0.17,Safe,0
3267,0.0,Safe,0
13723,0.0,Safe,0
6959,0.03,Safe,0
14493,1.0,High-Risk,1
6562,0.0,Safe,0
8701,0.0,Safe,0
10582,0.0,Safe,0
10994,0.0,Safe,0
12105,0.97,High-Risk,1
12017,1.0,High-Risk,1
14734,0.98,High-Risk,1
9095,0.01,Safe,0
7060,0.0,Safe,0
3190,0.01,Safe,0
2201,0.04,Safe,0
9187,0.0,Safe,0
14213,1.0,High-Risk,1
6494,0.0,Safe,0
3460,0.0,Safe,0
10415,0.0,Safe,0
13327,0.03,Safe,0
1891,1.0,High-Risk,1
5082,0.02,Safe,0
1871,0.99,High-Risk,1
10005,0.01,Safe,0
4915,0.13,Safe,0
7859,0.0,Safe,0
13861,0.0,Safe,0
9969,0.0,Safe,0
9938,0.0,Safe,0
8452,0.04,Safe,0
8711,0.14,Safe,0
14916,1.0,High-Risk,1
5426,0.0,Safe,0
181,1.0,High-Risk,1
6988,0.11,Safe,0
11659,0.03,Safe,0
2810,0.01,Safe,0
4843,0.13,Safe,0
9719,0.02,Safe,0
7497,0.01,Safe,0
1976,0.93,High-Risk,1
14885,1.0,High-Risk,1
3937,0.02,Safe,0
2705,0.01,Safe,0
876,0.99,High-Risk,1
131,1.0,High-Risk,1
5109,0.0,Safe,0
11343,0.05,Safe,0
2725,0.17,Safe,0
6436,0.27,Low-Risk,0
6195,0.01,Safe,0
882,1.0,High-Risk,1
9182,0.02,Safe,0
6765,0.15,Safe,0
3403,0.0,Safe,0
14673,0.98,High-Risk,1
11059,0.0,Safe,0
4880,0.0,Safe,0
5161,0.0,Safe,0
6052,0.0,Safe,0
6799,0.0,Safe,0
8980,0.11,Safe,0
8217,0.0,Safe,0
9002,0.0,Safe,0
14762,1.0,High-Risk,1
1673,0.99,High-Risk,1
9820,0.07,Safe,0
13574,0.03,Safe,0
7297,0.01,Safe,0
9915,0.07,Safe,0
6985,0.03,Safe,0
9502,0.07,Safe,0
1355,0.97,High-Risk,1
9864,0.0,Safe,0
11981,0.0,Safe,0
8688,0.01,Safe,0
12832,0.05,Safe,0
8227,0.0,Safe,0
6928,0.14,Safe,0
2454,0.03,Safe,0
13353,0.06,Safe,0
6224,0.0,Safe,0
6557,0.01,Safe,0
317,1.0,High-Risk,1
1203,0.23,Low-Risk,1
13597,0.0,Safe,0
13025,0.02,Safe,0
6266,0.0,Safe,0
13810,0.03,Safe,0
4172,0.0,Safe,0
709,1.0,High-Risk,1
4113,0.0,Safe,0
4065,0.04,Safe,0
8318,0.03,Safe,0
8086,0.12,Safe,0
281,0.98,High-Risk,1
8359,0.11,Safe,0
7845,0.09,Safe,0
2416,0.02,Safe,0
3128,0.45,Low-Risk,0
834,0.99,High-Risk,1
11885,0.0,Safe,0
2324,0.08,Safe,0
5823,0.01,Safe,0
3487,0.18,Safe,0
3862,0.0,Safe,0
11154,0.09,Safe,0
8560,0.08,Safe,0
6879,0.29,Low-Risk,0
1553,0.69,Medium-Risk,1
14712,0.68,Medium-Risk,1
8957,0.32,Low-Risk,0
4944,0.09,Safe,0
2241,0.06,Safe,0
8875,0.0,Safe,0
12811,0.01,Safe,0
1859,0.99,High-Risk,1
5196,0.0,Safe,0
14784,1.0,High-Risk,1
11061,0.0,Safe,0
11390,0.01,Safe,0
9913,0.71,Medium-Risk,0
8364,0.0,Safe,0
8296,0.19,Safe,0
9326,0.34,Low-Risk,0
13819,0.01,Safe,0
14406,1.0,High-Risk,1
7982,0.09,Safe,0
4184,0.03,Safe,0
620,0.68,Medium-Risk,1
11573,0.05,Safe,0
7189,0.23,Low-Risk,0
14157,0.01,Safe,0
9794,0.11,Safe,0
303,1.0,High-Risk,1
2538,0.04,Safe,0
4757,0.03,Safe,0
10713,0.03,Safe,0
1971,0.95,High-Risk,1
1015,1.0,High-Risk,1
8070,0.0,Safe,0
1378,0.99,High-Risk,1
2482,0.04,Safe,0
10313,0.05,Safe,0
9688,0.02,Safe,0
7912,0.11,Safe,0
6580,0.0,Safe,0
8802,0.0,Safe,0
10942,0.02,Safe,0
14039,0.04,Safe,0
84,1.0,High-Risk,1
2622,0.13,Safe,0
7880,0.0,Safe,0
14410,1.0,High-Risk,1
7388,0.0,Safe,0
9030,0.02,Safe,0
957,0.96,High-Risk,1
7650,0.0,Safe,0
4512,0.01,Safe,0
3359,0.01,Safe,0
8613,0.1,Safe,0
12247,1.0,High-Risk,1
9686,0.0,Safe,0
13612,0.0,Safe,0
3787,0.0,Safe,0
4459,0.23,Low-Risk,0
9406,0.0,Safe,0
8033,0.11,Safe,0
11559,0.01,Safe,0
5959,0.07,Safe,0
8043,0.14,Safe,0
14001,0.0,Safe,0
2652,0.01,Safe,0
5092,0.08,Safe,0
12536,1.0,High-Risk,1
12236,1.0,High-Risk,1
6234,0.0,Safe,0
6131,0.05,Safe,0
6692,0.09,Safe,0
10232,0.26,Low-Risk,0
8368,0.08,Safe,0
12463,0.98,High-Risk,1
6598,0.0,Safe,0
9790,0.01,Safe,0
946,1.0,High-Risk,1
12206,1.0,High-Risk,1
7059,0.0,Safe,0
6758,0.04,Safe,0
13749,0.05,Safe,0
1349,0.94,High-Risk,1
12669,0.66,Medium-Risk,1
12828,0.0,Safe,0
8484,0.04,Safe,0
13280,0.12,Safe,0
2272,0.0,Safe,0
12671,1.0,High-Risk,1
7875,0.0,Safe,0
12234,0.69,Medium-Risk,1
7048,0.12,Safe,0
8312,0.0,Safe,0
14671,1.0,High-Risk,1
13988,0.06,Safe,0
5370,0.0,Safe,0
8671,0.0,Safe,0
702,1.0,High-Risk,1
11402,0.0,Safe,0
11819,0.0,Safe,0
11582,0.14,Safe,0
11727,0.0,Safe,0
1573,0.96,High-Risk,1
2529,0.01,Safe,0
14197,0.05,Safe,0
810,1.0,High-Risk,1
13771,0.03,Safe,0
4643,0.0,Safe,0
8801,0.0,Safe,0
12357,1.0,High-Risk,1
6435,0.0,Safe,0
12242,1.0,High-Risk,1
10605,0.0,Safe,0
11754,0.02,Safe,0
12698,1.0,High-Risk,1
12984,0.0,Safe,0
12525,1.0,High-Risk,1
3393,0.0,Safe,0
10828,0.12,Safe,0
13071,0.0,Safe,0
8601,0.04,Safe,0
2194,0.01,Safe,0
12410,0.73,Medium-Risk,1
9325,0.04,Safe,0
6166,0.01,Safe,0
13583,0.0,Safe,0
12271,1.0,High-Risk,1
14313,1.0,High-Risk,1
14243,1.0,High-Risk,1
11878,0.0,Safe,0
6493,0.0,Safe,0
1727,1.0,High-Risk,1
9103,0.0,Safe,0
2932,0.03,Safe,0
9654,0.0,Safe,0
3095,0.04,Safe,0
5427,0.0,Safe,0
4145,0.15,Safe,0
12829,0.0,Safe,0
4914,0.02,Safe,0
10759,0.0,Safe,0
10025,0.09,Safe,0
135,0.86,Medium-Risk,1
773,1.0,High-Risk,1
13202,0.05,Safe,0
2544,0.03,Safe,0
5315,0.02,Safe,0
4127,0.04,Safe,0
6461,0.02,Safe,0
13323,0.12,Safe,0
8289,0.01,Safe,0
9475,0.0,Safe,0
5267,0.14,Safe,0
13387,0.02,Safe,0
14508,1.0,High-Risk,1
13250,0.07,Safe,0
593,1.0,High-Risk,1
7204,0.01,Safe,0
9638,0.06,Safe,0
9600,0.0,Safe,0
11611,0.01,Safe,0
377,1.0,High-Risk,1
2456,0.0,Safe,0
13089,0.13,Safe,0
7908,0.0,Safe,0
2321,0.05,Safe,0
1612,0.13,Safe,1
6102,0.0,Safe,0
10312,0.05,Safe,0
3297,0.02,Safe,0
8520,0.14,Safe,0
3387,0.0,Safe,0
7314,0.0,Safe,0
1079,0.8,Medium-Risk,1
4819,0.02,Safe,0
12951,0.01,Safe,0
11876,0.05,Safe,0
12912,0.02,Safe,0
10092,0.0,Safe,0
5512,0.01,Safe,0
5956,0.04,Safe,0
8213,0.09,Safe,0
13427,0.01,Safe,0
2942,0.24,Low-Risk,0
11100,0.01,Safe,0
670,1.0,High-Risk,1
316,1.0,High-Risk,1
989,1.0,High-Risk,1
6413,0.02,Safe,0
5093,0.0,Safe,0
13793,0.14,Safe,0
6470,0.12,Safe,0
11268,0.01,Safe,0
1390,0.96,High-Risk,1
7700,0.09,Safe,0
13542,0.0,Safe,0
3231,0.01,Safe,0
6674,0.02,Safe,0
9832,0.0,Safe,0
4741,0.02,Safe,0
14503,1.0,High-Risk,1
8483,0.05,Safe,0
5741,0.0,Safe,0
4387,0.03,Safe,0
9075,0.02,Safe,0
2180,0.17,Safe,0
5939,0.03,Safe,0
12371,1.0,High-Risk,1
6727,0.02,Safe,0
5963,0.01,Safe,0
8244,0.06,Safe,0
7373,0.07,Safe,0
7036,0.02,Safe,0
3844,0.01,Safe,0
2158,0.02,Safe,0
6398,0.11,Safe,0
5595,0.0,Safe,0
8895,0.13,Safe,0
4094,0.36,Low-Risk,0
8621,0.0,Safe,0
9261,0.04,Safe,0
8570,0.0,Safe,0
8447,0.02,Safe,0
7494,0.02,Safe,0
8546,0.02,Safe,0
8591,0.16,Safe,0
4020,0.02,Safe,0
1372,0.98,High-Risk,1
324,1.0,High-Risk,1
6321,0.01,Safe,0
9143,0.04,Safe,0
7810,0.01,Safe,0
5707,0.18,Safe,0
2342,0.06,Safe,0
5017,0.1,Safe,0
5349,0.0,Safe,0
14103,0.03,Safe,0
9739,0.01,Safe,0
1235,1.0,High-Risk,1
2801,0.03,Safe,0
13052,0.01,Safe,0
11479,0.01,Safe,0
13105,0.06,Safe,0
10244,0.04,Safe,0
4080,0.03,Safe,0
3557,0.09,Safe,0
5620,0.0,Safe,0
13413,0.0,Safe,0
1377,0.98,High-Risk,1
2588,0.07,Safe,0
7921,0.0,Safe,0
5188,0.03,Safe,0
2070,0.0,Safe,0
7347,0.16,Safe,0
10974,0.07,Safe,0
7805,0.22,Low-Risk,0
5111,0.01,Safe,0
2455,0.04,Safe,0
6033,0.18,Safe,0
6669,0.06,Safe,0
11178,0.01,Safe,0
9420,0.11,Safe,0
7985,0.0,Safe,0
403,0.99,High-Risk,1
684,0.69,Medium-Risk,1
13115,0.0,Safe,0
3092,0.0,Safe,0
11406,0.04,Safe,0
801,1.0,High-Risk,1
60,1.0,High-Risk,1
12228,1.0,High-Risk,1
12312,1.0,High-Risk,1
7953,0.0,Safe,0
14940,0.94,High-Risk,1
9819,0.0,Safe,0
14397,1.0,High-Risk,1
13160,0.0,Safe,0
14918,1.0,High-Risk,1
14270,1.0,High-Risk,1
9992,0.05,Safe,0
12431,1.0,High-Risk,1
2604,0.0,Safe,0
12375,0.98,High-Risk,1
6529,0.01,Safe,0
2870,0.0,Safe,0
12861,0.02,Safe,0
7342,0.0,Safe,0
6419,0.01,Safe,0
13335,0.08,Safe,0
4716,0.01,Safe,0
11428,0.0,Safe,0
8127,0.01,Safe,0
9793,0.15,Safe,0
4698,0.19,Safe,0
8719,0.09,Safe,0
8582,0.02,Safe,0
9452,0.06,Safe,0
14865,1.0,High-Risk,1
4871,0.0,Safe,0
1692,1.0,High-Risk,1
6790,0.0,Safe,0
7224,0.01,Safe,0
13585,0.0,Safe,0
6198,0.0,Safe,0
10215,0.0,Safe,0
9239,0.08,Safe,0
11610,0.01,Safe,0
5577,0.0,Safe,0
10878,0.13,Safe,0
11944,0.05,Safe,0
14831,0.68,Medium-Risk,1
4934,0.0,Safe,0
6744,0.0,Safe,0
11882,0.01,Safe,0
6229,0.0,Safe,0
3042,0.02,Safe,0
11066,0.03,Safe,0
2763,0.06,Safe,0
12429,0.96,High-Risk,1
3944,0.16,Safe,0
7118,0.0,Safe,0
2592,0.01,Safe,0
3700,0.09,Safe,0
14432,0.98,High-Risk,1
12356,1.0,High-Risk,1
10188,0.0,Safe,0
3550,0.03,Safe,0
765,0.91,High-Risk,1
4655,0.0,Safe,0
3159,0.01,Safe,0
6416,0.08,Safe,0
4239,0.01,Safe,0
11262,0.0,Safe,0
2432,0.06,Safe,0
4625,0.03,Safe,0
511,0.89,Medium-Risk,1
9964,0.0,Safe,0
11514,0.05,Safe,0
14579,1.0,High-Risk,1
901,1.0,High-Risk,1
464,1.0,High-Risk,1
3442,0.0,Safe,0
3507,0.04,Safe,0
12145,1.0,High-Risk,1
10542,0.13,Safe,0
8257,0.02,Safe,0
13690,0.01,Safe,0
521,1.0,High-Risk,1
3709,0.02,Safe,0
9127,0.0,Safe,0
4634,0.03,Safe,0
13603,0.0,Safe,0
12657,1.0,High-Risk,1
14586,0.98,High-Risk,1
9225,0.0,Safe,0
7403,0.03,Safe,0
4210,0.03,Safe,0
5440,0.02,Safe,0
4447,0.0,Safe,0
1382,1.0,High-Risk,1
9386,0.13,Safe,0
3666,0.01,Safe,0
5977,0.0,Safe,0
4918,0.03,Safe,0
6116,0.09,Safe,0
6123,0.0,Safe,0
6867,0.02,Safe,0
2175,0.06,Safe,0
13347,0.0,Safe,0
12876,0.0,Safe,0
12541,1.0,High-Risk,1
46,1.0,High-Risk,1
796,1.0,High-Risk,1
13088,0.0,Safe,0
10880,0.0,Safe,0
2157,0.04,Safe,0
1216,1.0,High-Risk,1
14464,1.0,High-Risk,1
9424,0.01,Safe,0
5505,0.0,Safe,0
3943,0.02,Safe,0
11661,0.03,Safe,0
12150,1.0,High-Risk,1
14723,1.0,High-Risk,1
3363,0.0,Safe,0
3311,0.0,Safe,0
11069,0.12,Safe,0
10498,0.0,Safe,0
8406,0.02,Safe,0
6069,0.28,Low-Risk,0
12900,0.02,Safe,0
10397,0.0,Safe,0
8128,0.48,Low-Risk,0
8672,0.01,Safe,0
1189,1.0,High-Risk,1
12227,1.0,High-Risk,1
10559,0.0,Safe,0
1767,0.99,High-Risk,1
6890,0.06,Safe,0
9158,0.03,Safe,0
5250,0.0,Safe,0
12334,1.0,High-Risk,1
2762,0.01,Safe,0
4541,0.26,Low-Risk,0
8202,0.0,Safe,0
3755,0.02,Safe,0
10447,0.0,Safe,0
2480,0.01,Safe,0
2848,0.03,Safe,0
3634,0.0,Safe,0
5375,0.0,Safe,0
331,1.0,High-Risk,1
4031,0.01,Safe,0
7088,0.01,Safe,0
2930,0.01,Safe,0
843,0.25,Low-Risk,1
5026,0.0,Safe,0
11635,0.0,Safe,0
9404,0.01,Safe,0
11684,0.01,Safe,0
11394,0.09,Safe,0
6220,0.0,Safe,0
13392,0.08,Safe,0
13613,0.0,Safe,0
10291,0.02,Safe,0
2278,0.02,Safe,0
12251,1.0,High-Risk,1
2056,0.0,Safe,0
9920,0.0,Safe,0
9236,0.02,Safe,0
13679,0.01,Safe,0
9460,0.39,Low-Risk,0
12406,0.99,High-Risk,1
11124,0.08,Safe,0
11134,0.1,Safe,0
7751,0.18,Safe,0
2017,0.09,Safe,0
12660,1.0,High-Risk,1
5419,0.08,Safe,0
5359,0.02,Safe,0
12779,1.0,High-Risk,1
7035,0.0,Safe,0
5900,0.02,Safe,0
3348,0.0,Safe,0
817,1.0,High-Risk,1
12566,1.0,High-Risk,1
12405,1.0,High-Risk,1
4751,0.05,Safe,0
9294,0.01,Safe,0
4578,0.14,Safe,0
6163,0.04,Safe,0
1919,0.92,High-Risk,1
9722,0.0,Safe,0
5146,0.0,Safe,0
6584,0.18,Safe,0
8163,0.0,Safe,0
13661,0.0,Safe,0
8084,0.03,Safe,0
3601,0.1,Safe,0
7182,0.02,Safe,0
12345,0.99,High-Risk,1
13682,0.01,Safe,0
12003,0.9,Medium-Risk,1
11223,0.04,Safe,0
3814,0.01,Safe,0
13488,0.02,Safe,0
776,0.97,High-Risk,1
811,1.0,High-Risk,1
5054,0.0,Safe,0
6602,0.0,Safe,0
354,0.83,Medium-Risk,1
11839,0.0,Safe,0
1800,1.0,High-Risk,1
9982,0.01,Safe,0
1262,1.0,High-Risk,1
10740,0.01,Safe,0
6343,0.0,Safe,0
6001,0.0,Safe,0
1723,1.0,High-Risk,1
5469,0.0,Safe,0
3145,0.0,Safe,0
12679,1.0,High-Risk,1
8427,0.01,Safe,0
1046,0.96,High-Risk,1
2230,0.0,Safe,0
695,0.73,Medium-Risk,1
8578,0.07,Safe,0
14693,0.99,High-Risk,1
2377,0.01,Safe,0
13951,0.0,Safe,0
14964,1.0,High-Risk,1
453,1.0,High-Risk,1
13991,0.0,Safe,0
13624,0.12,Safe,0
5937,0.0,Safe,0
13549,0.0,Safe,0
11057,0.0,Safe,0
7879,0.0,Safe,0
2026,0.0,Safe,0
6814,0.06,Safe,0
4623,0.33,Low-Risk,0
7742,0.0,Safe,0
2760,0.03,Safe,0
9861,0.02,Safe,0
10224,0.08,Safe,0
10095,0.01,Safe,0
11575,0.01,Safe,0
8805,0.0,Safe,0
719,1.0,High-Risk,1
13673,0.02,Safe,0
12259,1.0,High-Risk,1
11735,0.0,Safe,0
3153,0.0,Safe,0
2886,0.0,Safe,0
1129,1.0,High-Risk,1
3830,0.01,Safe,0
625,1.0,High-Risk,1
12858,0.0,Safe,0
9736,0.03,Safe,0
11470,0.05,Safe,0
5787,0.01,Safe,0
1415,0.13,Safe,1
14107,0.12,Safe,0
770,1.0,High-Risk,1
4241,0.0,Safe,0
430,0.81,Medium-Risk,1
12927,0.0,Safe,0
8518,0.0,Safe,0
13000,0.02,Safe,0
9082,0.0,Safe,0
14264,1.0,High-Risk,1
6142,0.03,Safe,0
11213,0.01,Safe,0
5656,0.0,Safe,0
2461,0.02,Safe,0
6932,0.0,Safe,0
784,1.0,High-Risk,1
8733,0.01,Safe,0
6067,0.0,Safe,0
4470,0.05,Safe,0
13957,0.0,Safe,0
8047,0.01,Safe,0
3594,0.32,Low-Risk,0
3345,0.32,Low-Risk,0
9249,0.0,Safe,0
8792,0.03,Safe,0
5693,0.02,Safe,0
11230,0.01,Safe,0
1389,1.0,High-Risk,1
5546,0.0,Safe,0
1036,1.0,High-Risk,1
12280,0.99,High-Risk,1
9965,0.0,Safe,0
14036,0.0,Safe,0
10208,0.07,Safe,0
1694,1.0,High-Risk,1
13734,0.0,Safe,0
513,1.0,High-Risk,1
10747,0.0,Safe,0
12035,1.0,High-Risk,1
5924,0.14,Safe,0
10869,0.0,Safe,0
9806,0.0,Safe,0
4146,0.05,Safe,0
1239,1.0,High-Risk,1
2686,0.01,Safe,0
6325,0.0,Safe,0
11440,0.01,Safe,0
11341,0.0,Safe,0
3803,0.0,Safe,0
7034,0.03,Safe,0
3306,0.01,Safe,0
8922,0.02,Safe,0
7237,0.01,Safe,0
12634,1.0,High-Risk,1
3481,0.01,Safe,0
8270,0.19,Safe,0
7482,0.0,Safe,0
4888,0.07,Safe,0
8392,0.06,Safe,0
1462,1.0,High-Risk,1
5444,0.02,Safe,0
299,1.0,High-Risk,1
4446,0.0,Safe,0
4994,0.0,Safe,0
9202,0.0,Safe,0
4999,0.0,Safe,0
6297,0.02,Safe,0
5434,0.0,Safe,0
11666,0.05,Safe,0
11926,0.05,Safe,0
5003,0.03,Safe,0
1726,1.0,High-Risk,1
6305,0.16,Safe,0
13015,0.0,Safe,0
13136,0.02,Safe,0
7477,0.0,Safe,0
4000,0.0,Safe,0
4938,0.01,Safe,0
12967,0.31,Low-Risk,0
2545,0.11,Safe,0
4568,0.0,Safe,0
2747,0.0,Safe,0
12036,1.0,High-Risk,1
746,0.99,High-Risk,1
14267,1.0,High-Risk,1
10508,0.03,Safe,0
7143,0.0,Safe,0
13586,0.0,Safe,0
5245,0.17,Safe,0
6718,0.04,Safe,0
2262,0.03,Safe,0
13707,0.05,Safe,0
10285,0.1,Safe,0
11896,0.12,Safe,0
8203,0.0,Safe,0
7785,0.0,Safe,0
4748,0.19,Safe,0
12721,0.76,Medium-Risk,1
4397,0.02,Safe,0
5337,0.02,Safe,0
14929,1.0,High-Risk,1
13844,0.06,Safe,0
14117,0.02,Safe,0
10970,0.02,Safe,0
3928,0.0,Safe,0
6007,0.0,Safe,0
9280,0.01,Safe,0
1107,0.65,Medium-Risk,1
11560,0.03,Safe,0
11245,0.02,Safe,0
7746,0.03,Safe,0
4863,0.0,Safe,0
10422,0.0,Safe,0
9858,0.03,Safe,0
1285,1.0,High-Risk,1
3239,0.02,Safe,0
1267,1.0,High-Risk,1
9097,0.01,Safe,0
9063,0.34,Low-Risk,0
622,0.98,High-Risk,1
6716,0.05,Safe,0
6851,0.05,Safe,0
4171,0.01,Safe,0
13238,0.0,Safe,0
5435,0.07,Safe,0
13134,0.01,Safe,0
5897,0.01,Safe,0
7046,0.06,Safe,0
3326,0.12,Safe,0
14558,1.0,High-Risk,1
11407,0.0,Safe,0
1429,1.0,High-Risk,1
2881,0.3,Low-Risk,0
12591,0.89,Medium-Risk,1
9813,0.0,Safe,0
8825,0.28,Low-Risk,0
7857,0.52,Low-Risk,0
3056,0.44,Low-Risk,0
4917,0.0,Safe,0
13958,0.03,Safe,0
88,1.0,High-Risk,1
10964,0.0,Safe,0
1652,0.99,High-Risk,1
14246,1.0,High-Risk,1
5834,0.0,Safe,0
2505,0.06,Safe,0
7328,0.02,Safe,0
5046,0.02,Safe,0
13002,0.0,Safe,0
6134,0.05,Safe,0
7325,0.13,Safe,0
11065,0.13,Safe,0
6749,0.0,Safe,0
12338,1.0,High-Risk,1
11147,0.02,Safe,0
11685,0.03,Safe,0
13321,0.11,Safe,0
14128,0.03,Safe,0
14507,1.0,High-Risk,1
6594,0.01,Safe,0
14375,1.0,High-Risk,1
12940,0.0,Safe,0
10034,0.02,Safe,0
6609,0.01,Safe,0
3220,0.02,Safe,0
1134,0.98,High-Risk,1
338,1.0,High-Risk,1
2424,0.04,Safe,0
4267,0.0,Safe,0
551,1.0,High-Risk,1
2817,0.02,Safe,0
6017,0.01,Safe,0
9990,0.12,Safe,0
14544,1.0,High-Risk,1
9059,0.2,Safe,0
11786,0.0,Safe,0
9407,0.04,Safe,0
11350,0.0,Safe,0
8666,0.01,Safe,0
847,0.91,High-Risk,1
5207,0.01,Safe,0
11704,0.0,Safe,0
1691,1.0,High-Risk,1
8194,0.0,Safe,0
11984,0.0,Safe,0
12574,1.0,High-Risk,1
14670,1.0,High-Risk,1
587,1.0,High-Risk,1
10827,0.0,Safe,0
8839,0.03,Safe,0
8977,0.02,Safe,0
11940,0.0,Safe,0
6586,0.16,Safe,0
3132,0.01,Safe,0
12101,1.0,High-Risk,1
13785,0.0,Safe,0
4418,0.0,Safe,0
10936,0.0,Safe,0
10737,0.0,Safe,0
4528,0.0,Safe,0
6982,0.08,Safe,0
7996,0.0,Safe,0
9384,0.0,Safe,0
1097,1.0,High-Risk,1
5287,0.07,Safe,0
11874,0.0,Safe,0
4169,0.72,Medium-Risk,0
8946,0.03,Safe,0
4533,0.03,Safe,0
12346,1.0,High-Risk,1
14685,1.0,High-Risk,1
102,1.0,High-Risk,1
631,0.81,Medium-Risk,1
12631,0.81,Medium-Risk,1
5123,0.0,Safe,0
9838,0.02,Safe,0
5302,0.0,Safe,0
14824,1.0,High-Risk,1
1375,1.0,High-Risk,1
6564,0.02,Safe,0
13829,0.0,Safe,0
9353,0.02,Safe,0
10642,0.01,Safe,0
4560,0.05,Safe,0
7421,0.02,Safe,0
2515,0.07,Safe,0
2779,0.0,Safe,0
13453,0.0,Safe,0
10102,0.0,Safe,0
6173,0.01,Safe,0
8380,0.01,Safe,0
10492,0.42,Low-Risk,0
1794,1.0,High-Risk,1
69,1.0,High-Risk,1
9802,0.02,Safe,0
7225,0.01,Safe,0
10199,0.1,Safe,0
8321,0.0,Safe,0
6421,0.0,Safe,0
10882,0.0,Safe,0
1158,0.01,Safe,1
9650,0.02,Safe,0
6162,0.03,Safe,0
3439,0.03,Safe,0
1640,0.85,Medium-Risk,1
6788,0.01,Safe,0
2950,0.02,Safe,0
1327,1.0,High-Risk,1
10105,0.03,Safe,0
7095,0.04,Safe,0
3678,0.01,Safe,0
6908,0.0,Safe,0
11252,0.01,Safe,0
6591,0.03,Safe,0
8386,0.0,Safe,0
14729,1.0,High-Risk,1
3966,0.0,Safe,0
10122,0.02,Safe,0
11812,0.0,Safe,0
3048,0.11,Safe,0
14018,0.02,Safe,0
12838,0.0,Safe,0
13581,0.0,Safe,0
14442,0.99,High-Risk,1
11047,0.03,Safe,0
9872,0.01,Safe,0
5832,0.1,Safe,0
5330,0.0,Safe,0
7464,0.0,Safe,0
7484,0.05,Safe,0
4074,0.02,Safe,0
14004,0.0,Safe,0
11598,0.02,Safe,0
4345,0.0,Safe,0
6060,0.03,Safe,0
12906,0.0,Safe,0
12573,1.0,High-Risk,1
7596,0.0,Safe,0
14364,1.0,High-Risk,1
1897,1.0,High-Risk,1
10534,0.06,Safe,0
3081,0.13,Safe,0
2182,0.11,Safe,0
1984,1.0,High-Risk,1
2260,0.02,Safe,0
4043,0.0,Safe,0
10219,0.0,Safe,0
7397,0.0,Safe,0
14056,0.0,Safe,0
147,1.0,High-Risk,1
11837,0.0,Safe,0
10367,0.01,Safe,0
13924,0.0,Safe,0
2868,0.06,Safe,0
4608,0.01,Safe,0
9499,0.03,Safe,0
3951,0.01,Safe,0
600,1.0,High-Risk,1
1503,1.0,High-Risk,1
5235,0.1,Safe,0
12258,0.96,High-Risk,1
9177,0.02,Safe,0
7641,0.06,Safe,0
10281,0.02,Safe,0
2169,0.01,Safe,0
11928,0.01,Safe,0
2055,0.12,Safe,0
13741,0.01,Safe,0
14751,1.0,High-Risk,1
13148,0.0,Safe,0
9817,0.01,Safe,0
1796,1.0,High-Risk,1
8782,0.0,Safe,0
1056,1.0,High-Risk,1
12102,1.0,High-Risk,1
12854,0.0,Safe,0
12532,1.0,High-Risk,1
4974,0.07,Safe,0
11021,0.01,Safe,0
14120,0.0,Safe,0
2492,0.0,Safe,0
13218,0.02,Safe,0
4838,0.15,Safe,0
1527,1.0,High-Risk,1
3560,0.22,Low-Risk,0
11541,0.03,Safe,0
1394,1.0,High-Risk,1
6973,0.02,Safe,0
12303,1.0,High-Risk,1
5579,0.0,Safe,0
10186,0.23,Low-Risk,0
9250,0.0,Safe,0
410,0.73,Medium-Risk,1
14094,0.0,Safe,0
6308,0.29,Low-Risk,0
12177,1.0,High-Risk,1
4966,0.04,Safe,0
4520,0.07,Safe,0
3821,0.05,Safe,0
10366,0.0,Safe,0
13831,0.01,Safe,0
9678,0.0,Safe,0
14810,1.0,High-Risk,1
8936,0.0,Safe,0
1772,1.0,High-Risk,1
8451,0.19,Safe,0
6500,0.65,Medium-Risk,0
8262,0.01,Safe,0
212,1.0,High-Risk,1
5737,0.02,Safe,0
8740,0.03,Safe,0
6671,0.0,Safe,0
13836,0.0,Safe,0
7945,0.01,Safe,0
13849,0.0,Safe,0
8481,0.02,Safe,0
12137,1.0,High-Risk,1
3934,0.05,Safe,0
9666,0.02,Safe,0
12782,0.87,Medium-Risk,1
5132,0.01,Safe,0
140,1.0,High-Risk,1
2826,0.19,Safe,0
12383,1.0,High-Risk,1
14963,1.0,High-Risk,1
5695,0.05,Safe,0
614,1.0,High-Risk,1
2151,0.1,Safe,0
4778,0.0,Safe,0
10855,0.0,Safe,0
11253,0.0,Safe,0
5276,0.0,Safe,0
2041,0.0,Safe,0
6035,0.03,Safe,0
4052,0.17,Safe,0
11063,0.0,Safe,0
2037,0.01,Safe,0
6666,0.0,Safe,0
11889,0.02,Safe,0
4392,0.14,Safe,0
8188,0.02,Safe,0
3705,0.0,Safe,0
7529,0.02,Safe,0
7568,0.01,Safe,0
7550,0.17,Safe,0
9310,0.0,Safe,0
7654,0.0,Safe,0
10485,0.03,Safe,0
7514,0.0,Safe,0
10681,0.0,Safe,0
872,0.94,High-Risk,1
3996,0.08,Safe,0
2341,0.04,Safe,0
10246,0.05,Safe,0
182,1.0,High-Risk,1
3218,0.01,Safe,0
12965,0.0,Safe,0
6518,0.11,Safe,0
8774,0.0,Safe,0
3684,0.0,Safe,0
58,1.0,High-Risk,1
8943,0.1,Safe,0
6496,0.18,Safe,0
2057,0.0,Safe,0
6051,0.0,Safe,0
5393,0.0,Safe,0
7747,0.01,Safe,0
10054,0.0,Safe,0
540,1.0,High-Risk,1
7731,0.02,Safe,0
11190,0.04,Safe,0
10423,0.08,Safe,0
14126,0.02,Safe,0
3508,0.0,Safe,0
9947,0.0,Safe,0
1782,0.94,High-Risk,1
7,0.96,High-Risk,1
889,1.0,High-Risk,1
7987,0.14,Safe,0
1194,0.44,Low-Risk,1
23,1.0,High-Risk,1
8113,0.03,Safe,0
13911,0.0,Safe,0
12635,1.0,High-Risk,1
4224,0.0,Safe,0
1667,0.88,Medium-Risk,1
812,1.0,High-Risk,1
510,1.0,High-Risk,1
8235,0.0,Safe,0
1755,0.15,Safe,1
7533,0.0,Safe,0
4185,0.07,Safe,0
11642,0.0,Safe,0
4490,0.03,Safe,0
5943,0.0,Safe,0
4744,0.03,Safe,0
6043,0.0,Safe,0
11860,0.02,Safe,0
11705,0.04,Safe,0
6352,0.01,Safe,0
2639,0.0,Safe,0
10700,0.0,Safe,0
8182,0.04,Safe,0
12863,0.23,Low-Risk,0
14937,1.0,High-Risk,1
9639,0.08,Safe,0
7008,0.0,Safe,0
2389,0.0,Safe,0
1363,1.0,High-Risk,1
2906,0.0,Safe,0
295,1.0,High-Risk,1
13245,0.02,Safe,0
52,1.0,High-Risk,1
8,1.0,High-Risk,1
398,1.0,High-Risk,1
1585,0.88,Medium-Risk,1
4603,0.0,Safe,0
10537,0.03,Safe,0
12165,1.0,High-Risk,1
3180,0.04,Safe,0
879,1.0,High-Risk,1
7410,0.06,Safe,0
5252,0.01,Safe,0
1733,1.0,High-Risk,1
808,0.68,Medium-Risk,1
9910,0.04,Safe,0
1586,0.95,High-Risk,1
7307,0.09,Safe,0
1308,1.0,High-Risk,1
8899,0.0,Safe,0
3444,0.02,Safe,0
9457,0.03,Safe,0
5968,0.0,Safe,0
1537,1.0,High-Risk,1
7868,0.07,Safe,0
10978,0.0,Safe,0
532,1.0,High-Risk,1
11183,0.0,Safe,0
5862,0.09,Safe,0
8884,0.03,Safe,0
2154,0.46,Low-Risk,0
4289,0.0,Safe,0
11743,0.26,Low-Risk,0
14274,1.0,High-Risk,1
10424,0.01,Safe,0
6443,0.07,Safe,0
224,1.0,High-Risk,1
13442,0.02,Safe,0
6761,0.01,Safe,0
2924,0.0,Safe,0
4884,0.0,Safe,0
8803,0.0,Safe,0
5503,0.02,Safe,0
8209,0.0,Safe,0
6739,0.0,Safe,0
4393,0.0,Safe,0
5526,0.0,Safe,0
3921,0.45,Low-Risk,0
4379,0.03,Safe,0
14823,0.96,High-Risk,1
7543,0.0,Safe,0
7651,0.07,Safe,0
4402,0.0,Safe,0
5944,0.29,Low-Risk,0
9042,0.12,Safe,0
6520,0.03,Safe,0
8477,0.04,Safe,0
6243,0.17,Safe,0
13497,0.03,Safe,0
8106,0.01,Safe,0
4205,0.0,Safe,0
7308,0.04,Safe,0
1980,0.99,High-Risk,1
5926,0.01,Safe,0
11887,0.0,Safe,0
14136,0.05,Safe,0
4586,0.0,Safe,0
10274,0.0,Safe,0
7260,0.0,Safe,0
4339,0.33,Low-Risk,0
202,1.0,High-Risk,1
2526,0.02,Safe,0
8999,0.01,Safe,0
3744,0.02,Safe,0
1374,0.83,Medium-Risk,1
3749,0.01,Safe,0
9775,0.0,Safe,0
13552,0.0,Safe,0
11373,0.04,Safe,0
11449,0.0,Safe,0
1253,1.0,High-Risk,1
10372,0.01,Safe,0
7597,0.01,Safe,0
7759,0.1,Safe,0
8729,0.02,Safe,0
10553,0.0,Safe,0
7745,0.45,Low-Risk,0
2199,0.0,Safe,0
2016,0.0,Safe,0
4494,0.0,Safe,0
7024,0.04,Safe,0
6034,0.0,Safe,0
9355,0.0,Safe,0
5853,0.12,Safe,0
12791,0.01,Safe,0
14236,1.0,High-Risk,1
6454,0.05,Safe,0
14979,1.0,High-Risk,1
2473,0.03,Safe,0
9314,0.07,Safe,0
12833,0.0,Safe,0
444,1.0,High-Risk,1
11426,0.1,Safe,0
14498,0.95,High-Risk,1
9612,0.01,Safe,0
9493,0.0,Safe,0
3163,0.01,Safe,0
3763,0.0,Safe,0
4996,0.0,Safe,0
6635,0.04,Safe,0
3649,0.0,Safe,0
371,1.0,High-Risk,1
2013,0.0,Safe,0
10282,0.01,Safe,0
12850,0.04,Safe,0
10606,0.0,Safe,0
5166,0.03,Safe,0
11790,0.0,Safe,0
13527,0.12,Safe,0
8566,0.0,Safe,0
4518,0.0,Safe,0
6257,0.02,Safe,0
7334,0.0,Safe,0
12315,1.0,High-Risk,1
9870,0.06,Safe,0
4844,0.01,Safe,0
11368,0.02,Safe,0
8144,0.01,Safe,0
1821,1.0,High-Risk,1
9780,0.01,Safe,0
3111,0.02,Safe,0
12354,0.83,Medium-Risk,1
5946,0.0,Safe,0
3,0.9,Medium-Risk,1
14706,1.0,High-Risk,1
1282,0.58,Low-Risk,1
14984,1.0,High-Risk,1
13526,0.0,Safe,0
10626,0.04,Safe,0
12014,1.0,High-Risk,1
416,1.0,High-Risk,1
8714,0.03,Safe,0
14254,1.0,High-Risk,1
3757,0.0,Safe,0
9901,0.04,Safe,0
2687,0.0,Safe,0
3339,0.0,Safe,0
8583,0.01,Safe,0
1664,1.0,High-Risk,1
8661,0.02,Safe,0
7873,0.03,Safe,0
14261,0.91,High-Risk,1
6595,0.0,Safe,0
7124,0.02,Safe,0
641,1.0,High-Risk,1
11600,0.0,Safe,0
9451,0.0,Safe,0
12344,1.0,High-Risk,1
4726,0.01,Safe,0
11908,0.0,Safe,0
14351,1.0,High-Risk,1
11676,0.0,Safe,0
3468,0.04,Safe,0
14235,1.0,High-Risk,1
4194,0.0,Safe,0
4428,0.05,Safe,0
12846,0.12,Safe,0
10907,0.14,Safe,0
12848,0.0,Safe,0
11116,0.03,Safe,0
7336,0.01,Safe,0
5970,0.03,Safe,0
362,1.0,High-Risk,1
12985,0.0,Safe,0
6048,0.0,Safe,0
13577,0.01,Safe,0
6864,0.04,Safe,0
4521,0.02,Safe,0
9833,0.02,Safe,0
459,1.0,High-Risk,1
12840,0.01,Safe,0
190,1.0,High-Risk,1
10209,0.0,Safe,0
11838,0.13,Safe,0
7039,0.08,Safe,0
9994,0.0,Safe,0
4575,0.0,Safe,0
5295,0.01,Safe,0
3606,0.0,Safe,0
5767,0.02,Safe,0
4223,0.02,Safe,0
4037,0.0,Safe,0
2504,0.11,Safe,0
9958,0.0,Safe,0
13639,0.0,Safe,0
3904,0.12,Safe,0
3047,0.07,Safe,0
3072,0.08,Safe,0
13302,0.0,Safe,0
1360,1.0,High-Risk,1
3891,0.0,Safe,0
3382,0.01,Safe,0
4925,0.0,Safe,0
14,1.0,High-Risk,1
7492,0.05,Safe,0
13775,0.01,Safe,0
4365,0.02,Safe,0
9948,0.22,Low-Risk,0
8704,0.36,Low-Risk,0
3694,0.05,Safe,0
10634,0.0,Safe,0
9196,0.19,Safe,0
6393,0.0,Safe,0
14438,1.0,High-Risk,1
14106,0.0,Safe,0
5178,0.0,Safe,0
6158,0.04,Safe,0
7481,0.37,Low-Risk,0
7882,0.0,Safe,0
13769,0.01,Safe,0
8841,0.03,Safe,0
14487,1.0,High-Risk,1
3679,0.0,Safe,0
14279,0.97,High-Risk,1
11570,0.0,Safe,0
3559,0.03,Safe,0
10191,0.0,Safe,0
13016,0.01,Safe,0
2507,0.0,Safe,0
4463,0.04,Safe,0
2438,0.01,Safe,0
4409,0.0,Safe,0
4961,0.0,Safe,0
4557,0.03,Safe,0
6610,0.03,Safe,0
10327,0.04,Safe,0
731,1.0,High-Risk,1
